ticker,company_name,sector,year,S_stated,A_density,A_explicit,A_dei_qual,A_targets,A_actual,S_pct,A_pct,gap,authenticity,alignment_category
AMZN,Amazon.com Inc.,Consumer Discretionary,2016,0.0,0.7226666666666667,1,0.0,0,0.43066666666666664,22.5,87.5,65.0,35.0,STEALTH (under-claim)
AMZN,Amazon.com Inc.,Consumer Discretionary,2017,0.0,0.07033333333333333,1,0.0,0,0.26758333333333334,23.076923076923077,53.84615384615385,30.76923076923077,69.23076923076923,STEALTH (under-claim)
AMZN,Amazon.com Inc.,Consumer Discretionary,2018,0.6666666666666666,0.071,1,0.0,0,0.26775,87.77777777777777,35.55555555555556,-52.222222222222214,47.777777777777786,GREENWASH-RISK (over-claim)
AMZN,Amazon.com Inc.,Consumer Discretionary,2019,0.6666666666666666,0.24366666666666664,1,0.0,0,0.3109166666666667,85.55555555555556,64.44444444444444,-21.111111111111114,78.88888888888889,GREENWASH-RISK (over-claim)
AMZN,Amazon.com Inc.,Consumer Discretionary,2020,0.6666666666666666,0.4166666666666667,1,0.5,1,0.7291666666666667,82.6086956521739,100.0,17.391304347826093,82.6086956521739,STEALTH (under-claim)
AMZN,Amazon.com Inc.,Consumer Discretionary,2021,0.0,0.6956666666666667,1,1.0,1,0.9239166666666667,23.863636363636363,100.0,76.13636363636364,23.86363636363636,STEALTH (under-claim)
AMZN,Amazon.com Inc.,Consumer Discretionary,2022,0.6666666666666666,0.24833333333333335,1,0.5,1,0.6870833333333333,75.0,95.65217391304348,20.652173913043484,79.34782608695652,STEALTH (under-claim)
AMZN,Amazon.com Inc.,Consumer Discretionary,2023,1.0,0.19499999999999998,1,0.5,0,0.42375,95.55555555555556,62.22222222222222,-33.333333333333336,66.66666666666666,GREENWASH-RISK (over-claim)
AMZN,Amazon.com Inc.,Consumer Discretionary,2024,0.0,0.08533333333333333,1,0.0,0,0.2713333333333333,18.6046511627907,23.25581395348837,4.651162790697672,95.34883720930233,ALIGNED
BKNG,Booking Holdings Inc.,Consumer Discretionary,2018,0.0,1.0,1,0.0,0,0.5,26.666666666666668,95.55555555555556,68.88888888888889,31.111111111111114,STEALTH (under-claim)
BKNG,Booking Holdings Inc.,Consumer Discretionary,2019,0.0,0.025666666666666667,1,0.5,0,0.3814166666666667,23.333333333333332,71.11111111111111,47.777777777777786,52.222222222222214,STEALTH (under-claim)
BKNG,Booking Holdings Inc.,Consumer Discretionary,2020,0.3333333333333333,0.5846666666666667,1,0.0,0,0.39616666666666667,56.52173913043478,63.04347826086957,6.5217391304347885,93.47826086956522,ALIGNED
BKNG,Booking Holdings Inc.,Consumer Discretionary,2021,0.6666666666666666,0.606,1,0.0,0,0.40149999999999997,84.0909090909091,52.27272727272727,-31.81818181818182,68.18181818181819,GREENWASH-RISK (over-claim)
BKNG,Booking Holdings Inc.,Consumer Discretionary,2022,0.0,0.5556666666666668,1,0.0,0,0.3889166666666667,14.130434782608695,47.82608695652174,33.69565217391305,66.30434782608695,STEALTH (under-claim)
BKNG,Booking Holdings Inc.,Consumer Discretionary,2023,0.0,0.08266666666666667,1,0.0,0,0.27066666666666667,20.0,17.77777777777778,-2.2222222222222214,97.77777777777777,ALIGNED
BKNG,Booking Holdings Inc.,Consumer Discretionary,2024,0.3333333333333333,0.48666666666666664,1,0.0,0,0.37166666666666665,56.97674418604651,60.46511627906976,3.4883720930232514,96.51162790697674,ALIGNED
HD,The Home Depot Inc.,Consumer Discretionary,2016,0.3333333333333333,0.9966666666666666,1,0.5,0,0.6241666666666666,62.5,100.0,37.5,62.5,STEALTH (under-claim)
HD,The Home Depot Inc.,Consumer Discretionary,2017,0.3333333333333333,0.629,1,0.5,0,0.53225,62.82051282051282,97.43589743589743,34.61538461538461,65.38461538461539,STEALTH (under-claim)
HD,The Home Depot Inc.,Consumer Discretionary,2018,0.6666666666666666,0.027666666666666666,1,0.5,0,0.3819166666666667,87.77777777777777,75.55555555555556,-12.222222222222214,87.77777777777779,ALIGNED
HD,The Home Depot Inc.,Consumer Discretionary,2019,0.3333333333333333,0.23766666666666666,1,0.5,0,0.4344166666666667,58.88888888888889,82.22222222222221,23.33333333333332,76.66666666666669,STEALTH (under-claim)
HD,The Home Depot Inc.,Consumer Discretionary,2020,0.6666666666666666,0.14433333333333334,1,0.0,0,0.28608333333333336,82.6086956521739,43.47826086956522,-39.13043478260869,60.86956521739131,GREENWASH-RISK (over-claim)
HD,The Home Depot Inc.,Consumer Discretionary,2021,0.6666666666666666,0.6903333333333334,1,0.5,0,0.5475833333333333,84.0909090909091,90.9090909090909,6.818181818181813,93.18181818181819,ALIGNED
HD,The Home Depot Inc.,Consumer Discretionary,2022,1.0,0.356,1,0.5,0,0.46399999999999997,92.3913043478261,67.3913043478261,-25.0,75.0,GREENWASH-RISK (over-claim)
HD,The Home Depot Inc.,Consumer Discretionary,2023,0.6666666666666666,0.2603333333333333,1,0.5,0,0.4400833333333333,78.88888888888889,71.11111111111111,-7.7777777777777715,92.22222222222223,ALIGNED
HD,The Home Depot Inc.,Consumer Discretionary,2024,0.6666666666666666,1.0,1,0.0,0,0.5,88.37209302325581,89.53488372093024,1.1627906976744242,98.83720930232558,ALIGNED
LOW,Lowe's Companies Inc.,Consumer Discretionary,2020,0.3333333333333333,0.11833333333333333,1,0.0,0,0.27958333333333335,56.52173913043478,39.130434782608695,-17.391304347826086,82.6086956521739,GREENWASH-RISK (over-claim)
LOW,Lowe's Companies Inc.,Consumer Discretionary,2021,0.0,0.6436666666666666,1,0.0,0,0.41091666666666665,23.863636363636363,54.54545454545454,30.681818181818176,69.31818181818183,STEALTH (under-claim)
LOW,Lowe's Companies Inc.,Consumer Discretionary,2022,0.3333333333333333,0.46033333333333337,1,0.0,0,0.3650833333333333,46.73913043478261,41.30434782608695,-5.434782608695656,94.56521739130434,ALIGNED
LOW,Lowe's Companies Inc.,Consumer Discretionary,2023,0.0,0.4126666666666667,1,0.0,0,0.3531666666666667,20.0,48.888888888888886,28.888888888888886,71.11111111111111,STEALTH (under-claim)
LOW,Lowe's Companies Inc.,Consumer Discretionary,2024,0.0,0.825,1,0.0,0,0.45625,18.6046511627907,79.06976744186046,60.46511627906976,39.53488372093024,STEALTH (under-claim)
MCD,McDonald's Corporation,Consumer Discretionary,2016,0.0,0.0,1,0.0,0,0.25,22.5,28.749999999999996,6.2499999999999964,93.75,ALIGNED
MCD,McDonald's Corporation,Consumer Discretionary,2017,0.3333333333333333,0.044000000000000004,1,0.5,0,0.386,62.82051282051282,79.48717948717949,16.66666666666667,83.33333333333333,STEALTH (under-claim)
MCD,McDonald's Corporation,Consumer Discretionary,2018,0.3333333333333333,0.20466666666666666,1,0.0,0,0.3011666666666667,65.55555555555556,51.11111111111111,-14.44444444444445,85.55555555555554,ALIGNED
MCD,McDonald's Corporation,Consumer Discretionary,2019,0.3333333333333333,0.05466666666666666,1,0.0,0,0.26366666666666666,58.88888888888889,37.77777777777778,-21.111111111111114,78.88888888888889,GREENWASH-RISK (over-claim)
MCD,McDonald's Corporation,Consumer Discretionary,2020,0.0,0.23233333333333334,1,0.5,0,0.4330833333333333,21.73913043478261,73.91304347826086,52.17391304347825,47.82608695652175,STEALTH (under-claim)
MCD,McDonald's Corporation,Consumer Discretionary,2021,0.0,0.367,1,0.5,0,0.46675,23.863636363636363,68.18181818181817,44.31818181818181,55.68181818181819,STEALTH (under-claim)
MCD,McDonald's Corporation,Consumer Discretionary,2023,0.0,0.263,1,0.5,0,0.44075,20.0,73.33333333333333,53.33333333333333,46.66666666666667,STEALTH (under-claim)
MCD,McDonald's Corporation,Consumer Discretionary,2024,0.0,0.33866666666666667,1,0.5,0,0.45966666666666667,18.6046511627907,83.72093023255815,65.11627906976744,34.883720930232556,STEALTH (under-claim)
NKE,Nike Inc.,Consumer Discretionary,2016,0.6666666666666666,0.08733333333333333,1,0.0,0,0.2718333333333333,91.25,50.0,-41.25,58.75,GREENWASH-RISK (over-claim)
NKE,Nike Inc.,Consumer Discretionary,2017,0.6666666666666666,0.087,1,0.0,0,0.27175,91.02564102564102,58.97435897435898,-32.051282051282044,67.94871794871796,GREENWASH-RISK (over-claim)
NKE,Nike Inc.,Consumer Discretionary,2018,0.6666666666666666,0.058,1,0.0,0,0.2645,87.77777777777777,33.33333333333333,-54.44444444444444,45.55555555555556,GREENWASH-RISK (over-claim)
NKE,Nike Inc.,Consumer Discretionary,2019,0.6666666666666666,0.12466666666666668,1,0.0,0,0.2811666666666667,85.55555555555556,53.333333333333336,-32.22222222222222,67.77777777777777,GREENWASH-RISK (over-claim)
NKE,Nike Inc.,Consumer Discretionary,2020,0.6666666666666666,0.364,1,0.5,0,0.46599999999999997,82.6086956521739,84.78260869565217,2.173913043478265,97.82608695652173,ALIGNED
NKE,Nike Inc.,Consumer Discretionary,2021,0.6666666666666666,0.42533333333333334,1,1.0,0,0.6063333333333334,84.0909090909091,93.18181818181817,9.09090909090908,90.90909090909092,ALIGNED
NKE,Nike Inc.,Consumer Discretionary,2022,0.6666666666666666,0.255,1,0.5,0,0.43875,75.0,63.04347826086957,-11.95652173913043,88.04347826086956,ALIGNED
ORLY,O'Reilly Automotive Inc.,Consumer Discretionary,2016,0.0,0.051666666666666666,0,0.0,0,0.012916666666666667,22.5,5.0,-17.5,82.5,GREENWASH-RISK (over-claim)
ORLY,O'Reilly Automotive Inc.,Consumer Discretionary,2017,0.0,0.04933333333333333,0,0.0,0,0.012333333333333333,23.076923076923077,2.564102564102564,-20.51282051282051,79.48717948717949,GREENWASH-RISK (over-claim)
ORLY,O'Reilly Automotive Inc.,Consumer Discretionary,2018,0.0,0.058666666666666666,0,0.0,0,0.014666666666666666,26.666666666666668,4.444444444444445,-22.22222222222222,77.77777777777777,GREENWASH-RISK (over-claim)
ORLY,O'Reilly Automotive Inc.,Consumer Discretionary,2019,0.0,0.04933333333333333,0,0.0,0,0.012333333333333333,23.333333333333332,4.444444444444445,-18.888888888888886,81.11111111111111,GREENWASH-RISK (over-claim)
ORLY,O'Reilly Automotive Inc.,Consumer Discretionary,2020,0.0,0.044000000000000004,1,0.0,0,0.261,21.73913043478261,28.26086956521739,6.521739130434781,93.47826086956522,ALIGNED
ORLY,O'Reilly Automotive Inc.,Consumer Discretionary,2021,0.0,0.20500000000000002,1,0.0,0,0.30125,23.863636363636363,38.63636363636363,14.77272727272727,85.22727272727273,ALIGNED
ORLY,O'Reilly Automotive Inc.,Consumer Discretionary,2022,0.0,0.09433333333333334,0,0.0,0,0.023583333333333335,14.130434782608695,4.3478260869565215,-9.782608695652174,90.21739130434783,ALIGNED
ORLY,O'Reilly Automotive Inc.,Consumer Discretionary,2023,0.3333333333333333,0.0,1,0.0,0,0.25,53.333333333333336,8.88888888888889,-44.44444444444444,55.55555555555556,GREENWASH-RISK (over-claim)
ORLY,O'Reilly Automotive Inc.,Consumer Discretionary,2024,0.6666666666666666,0.05366666666666667,1,0.0,0,0.2634166666666667,88.37209302325581,13.953488372093023,-74.4186046511628,25.581395348837205,GREENWASH-RISK (over-claim)
SBUX,Starbucks Corporation,Consumer Discretionary,2016,0.0,0.5923333333333333,1,0.0,0,0.39808333333333334,22.5,82.5,60.0,40.0,STEALTH (under-claim)
SBUX,Starbucks Corporation,Consumer Discretionary,2017,0.3333333333333333,0.08133333333333333,0,0.0,0,0.02033333333333333,62.82051282051282,12.82051282051282,-50.0,50.0,GREENWASH-RISK (over-claim)
SBUX,Starbucks Corporation,Consumer Discretionary,2018,0.3333333333333333,0.0,1,0.0,0,0.25,65.55555555555556,22.22222222222222,-43.333333333333336,56.666666666666664,GREENWASH-RISK (over-claim)
SBUX,Starbucks Corporation,Consumer Discretionary,2019,0.3333333333333333,0.051000000000000004,1,0.5,1,0.63775,58.88888888888889,100.0,41.11111111111111,58.88888888888889,STEALTH (under-claim)
SBUX,Starbucks Corporation,Consumer Discretionary,2020,0.3333333333333333,0.152,0,0.5,0,0.163,56.52173913043478,8.695652173913043,-47.826086956521735,52.173913043478265,GREENWASH-RISK (over-claim)
SBUX,Starbucks Corporation,Consumer Discretionary,2021,0.0,0.17600000000000002,0,0.0,0,0.044000000000000004,23.863636363636363,2.272727272727273,-21.59090909090909,78.4090909090909,GREENWASH-RISK (over-claim)
SBUX,Starbucks Corporation,Consumer Discretionary,2022,0.3333333333333333,0.3396666666666667,1,0.5,0,0.45991666666666664,46.73913043478261,65.21739130434783,18.47826086956522,81.52173913043478,STEALTH (under-claim)
SBUX,Starbucks Corporation,Consumer Discretionary,2023,0.3333333333333333,0.157,1,0.0,0,0.28925,53.333333333333336,22.22222222222222,-31.111111111111114,68.88888888888889,GREENWASH-RISK (over-claim)
TJX,The TJX Companies Inc.,Consumer Discretionary,2016,0.0,0.0,1,0.0,0,0.25,22.5,28.749999999999996,6.2499999999999964,93.75,ALIGNED
TJX,The TJX Companies Inc.,Consumer Discretionary,2022,1.0,0.6910000000000001,1,0.5,1,0.79775,92.3913043478261,100.0,7.608695652173907,92.3913043478261,ALIGNED
TJX,The TJX Companies Inc.,Consumer Discretionary,2023,0.0,0.0,1,0.0,0,0.25,20.0,8.88888888888889,-11.11111111111111,88.88888888888889,ALIGNED
TJX,The TJX Companies Inc.,Consumer Discretionary,2024,0.3333333333333333,0.0,1,0.0,0,0.25,56.97674418604651,8.13953488372093,-48.837209302325576,51.162790697674424,GREENWASH-RISK (over-claim)
TSLA,Tesla Inc.,Consumer Discretionary,2016,0.3333333333333333,0.098,0,0.0,0,0.0245,62.5,15.0,-47.5,52.5,GREENWASH-RISK (over-claim)
TSLA,Tesla Inc.,Consumer Discretionary,2017,0.3333333333333333,0.08800000000000001,0,0.0,0,0.022000000000000002,62.82051282051282,15.384615384615385,-47.43589743589743,52.56410256410257,GREENWASH-RISK (over-claim)
TSLA,Tesla Inc.,Consumer Discretionary,2018,0.3333333333333333,0.09000000000000001,0,0.0,0,0.022500000000000003,65.55555555555556,6.666666666666667,-58.88888888888889,41.11111111111111,GREENWASH-RISK (over-claim)
TSLA,Tesla Inc.,Consumer Discretionary,2019,0.3333333333333333,0.06066666666666667,0,0.0,0,0.015166666666666667,58.88888888888889,6.666666666666667,-52.22222222222223,47.77777777777777,GREENWASH-RISK (over-claim)
TSLA,Tesla Inc.,Consumer Discretionary,2020,0.3333333333333333,0.3623333333333333,1,0.0,0,0.34058333333333335,56.52173913043478,54.347826086956516,-2.173913043478265,97.82608695652173,ALIGNED
TSLA,Tesla Inc.,Consumer Discretionary,2021,0.3333333333333333,0.06066666666666667,1,0.0,0,0.26516666666666666,60.22727272727273,18.181818181818183,-42.04545454545455,57.95454545454545,GREENWASH-RISK (over-claim)
TSLA,Tesla Inc.,Consumer Discretionary,2022,0.3333333333333333,1.0,1,0.5,0,0.625,46.73913043478261,91.30434782608695,44.565217391304344,55.434782608695656,STEALTH (under-claim)
TSLA,Tesla Inc.,Consumer Discretionary,2023,0.3333333333333333,0.13533333333333333,1,0.0,0,0.2838333333333333,53.333333333333336,20.0,-33.333333333333336,66.66666666666666,GREENWASH-RISK (over-claim)
TSLA,Tesla Inc.,Consumer Discretionary,2024,0.3333333333333333,0.0,1,0.0,0,0.25,56.97674418604651,8.13953488372093,-48.837209302325576,51.162790697674424,GREENWASH-RISK (over-claim)
COP,ConocoPhillips,Energy,2016,0.3333333333333333,0.026333333333333334,1,0.0,0,0.25658333333333333,62.5,37.5,-25.0,75.0,GREENWASH-RISK (over-claim)
COP,ConocoPhillips,Energy,2017,0.6666666666666666,0.0,1,0.0,0,0.25,91.02564102564102,30.76923076923077,-60.25641025641025,39.74358974358975,GREENWASH-RISK (over-claim)
COP,ConocoPhillips,Energy,2018,0.3333333333333333,0.21066666666666667,1,0.0,0,0.30266666666666664,65.55555555555556,53.333333333333336,-12.222222222222221,87.77777777777777,ALIGNED
COP,ConocoPhillips,Energy,2019,0.0,0.08133333333333333,1,0.0,0,0.2703333333333333,23.333333333333332,42.22222222222222,18.88888888888889,81.11111111111111,STEALTH (under-claim)
COP,ConocoPhillips,Energy,2020,0.6666666666666666,0.11066666666666666,1,0.0,0,0.2776666666666667,82.6086956521739,36.95652173913043,-45.65217391304348,54.34782608695652,GREENWASH-RISK (over-claim)
COP,ConocoPhillips,Energy,2022,0.0,0.5746666666666667,1,0.0,0,0.39366666666666666,14.130434782608695,50.0,35.869565217391305,64.13043478260869,STEALTH (under-claim)
COP,ConocoPhillips,Energy,2023,0.3333333333333333,0.463,1,0.0,0,0.36575,53.333333333333336,53.333333333333336,0.0,100.0,ALIGNED
COP,ConocoPhillips,Energy,2024,0.3333333333333333,0.6536666666666666,1,0.0,0,0.41341666666666665,56.97674418604651,74.4186046511628,17.441860465116285,82.55813953488371,STEALTH (under-claim)
CVX,Chevron Corporation,Energy,2016,0.3333333333333333,0.029,1,0.0,0,0.25725,62.5,40.0,-22.5,77.5,GREENWASH-RISK (over-claim)
CVX,Chevron Corporation,Energy,2017,0.3333333333333333,0.029333333333333333,1,0.0,0,0.25733333333333336,62.82051282051282,41.02564102564102,-21.794871794871796,78.2051282051282,GREENWASH-RISK (over-claim)
CVX,Chevron Corporation,Energy,2018,0.3333333333333333,0.8130000000000001,1,0.0,0,0.45325000000000004,65.55555555555556,86.66666666666667,21.111111111111114,78.88888888888889,STEALTH (under-claim)
CVX,Chevron Corporation,Energy,2019,0.0,1.0,1,0.0,0,0.5,23.333333333333332,93.33333333333333,70.0,30.0,STEALTH (under-claim)
CVX,Chevron Corporation,Energy,2020,0.0,0.9663333333333333,1,0.0,0,0.4915833333333333,21.73913043478261,91.30434782608695,69.56521739130434,30.434782608695656,STEALTH (under-claim)
CVX,Chevron Corporation,Energy,2021,0.0,0.9450000000000001,1,0.0,0,0.48625,23.863636363636363,75.0,51.13636363636364,48.86363636363636,STEALTH (under-claim)
CVX,Chevron Corporation,Energy,2022,0.0,0.7153333333333334,1,0.0,0,0.42883333333333334,14.130434782608695,56.52173913043478,42.391304347826086,57.608695652173914,STEALTH (under-claim)
CVX,Chevron Corporation,Energy,2023,0.0,0.9183333333333333,1,0.0,0,0.47958333333333336,20.0,80.0,60.0,40.0,STEALTH (under-claim)
CVX,Chevron Corporation,Energy,2024,0.3333333333333333,0.6473333333333334,1,0.0,0,0.4118333333333334,56.97674418604651,72.09302325581395,15.116279069767437,84.88372093023256,STEALTH (under-claim)
EOG,EOG Resources Inc.,Energy,2016,0.0,0.4003333333333333,1,0.0,0,0.3500833333333333,22.5,80.0,57.5,42.5,STEALTH (under-claim)
EOG,EOG Resources Inc.,Energy,2017,0.0,0.05266666666666667,0,0.0,0,0.013166666666666667,23.076923076923077,5.128205128205128,-17.94871794871795,82.05128205128204,GREENWASH-RISK (over-claim)
EOG,EOG Resources Inc.,Energy,2018,0.0,0.22666666666666666,1,0.0,0,0.30666666666666664,26.666666666666668,55.55555555555556,28.88888888888889,71.11111111111111,STEALTH (under-claim)
EOG,EOG Resources Inc.,Energy,2021,0.3333333333333333,0.22833333333333333,1,0.0,0,0.3070833333333333,60.22727272727273,40.909090909090914,-19.318181818181813,80.68181818181819,GREENWASH-RISK (over-claim)
EOG,EOG Resources Inc.,Energy,2022,0.3333333333333333,0.22066666666666668,1,0.0,0,0.3051666666666667,46.73913043478261,32.608695652173914,-14.130434782608695,85.86956521739131,ALIGNED
EOG,EOG Resources Inc.,Energy,2023,0.3333333333333333,0.196,1,0.0,0,0.299,53.333333333333336,31.11111111111111,-22.222222222222225,77.77777777777777,GREENWASH-RISK (over-claim)
EOG,EOG Resources Inc.,Energy,2024,0.3333333333333333,0.196,1,0.0,0,0.299,56.97674418604651,39.53488372093023,-17.441860465116278,82.55813953488372,GREENWASH-RISK (over-claim)
HES,Hess Corporation,Energy,2016,0.3333333333333333,0.14733333333333334,1,0.0,0,0.28683333333333333,62.5,60.0,-2.5,97.5,ALIGNED
HES,Hess Corporation,Energy,2017,0.0,0.051333333333333335,1,0.0,0,0.2628333333333333,23.076923076923077,46.15384615384615,23.076923076923077,76.92307692307692,STEALTH (under-claim)
HES,Hess Corporation,Energy,2018,0.0,0.0,1,0.0,0,0.25,26.666666666666668,22.22222222222222,-4.444444444444446,95.55555555555556,ALIGNED
HES,Hess Corporation,Energy,2019,0.0,0.0,1,0.0,0,0.25,23.333333333333332,26.666666666666668,3.3333333333333357,96.66666666666666,ALIGNED
HES,Hess Corporation,Energy,2020,0.0,1.0,1,0.0,0,0.5,21.73913043478261,93.47826086956522,71.73913043478261,28.26086956521739,STEALTH (under-claim)
HES,Hess Corporation,Energy,2021,0.0,1.0,1,0.0,0,0.5,23.863636363636363,80.68181818181817,56.81818181818181,43.18181818181819,STEALTH (under-claim)
HES,Hess Corporation,Energy,2022,0.0,1.0,1,0.0,0,0.5,14.130434782608695,82.6086956521739,68.47826086956522,31.52173913043478,STEALTH (under-claim)
HES,Hess Corporation,Energy,2023,0.3333333333333333,1.0,1,0.0,0,0.5,53.333333333333336,86.66666666666667,33.333333333333336,66.66666666666666,STEALTH (under-claim)
HES,Hess Corporation,Energy,2024,0.0,1.0,1,0.0,0,0.5,18.6046511627907,89.53488372093024,70.93023255813954,29.069767441860463,STEALTH (under-claim)
MPC,Marathon Petroleum Corporation,Energy,2017,0.0,0.025666666666666667,1,0.0,0,0.2564166666666667,23.076923076923077,38.46153846153847,15.38461538461539,84.61538461538461,STEALTH (under-claim)
MPC,Marathon Petroleum Corporation,Energy,2018,0.0,0.38866666666666666,1,0.0,0,0.3471666666666667,26.666666666666668,71.11111111111111,44.44444444444444,55.55555555555556,STEALTH (under-claim)
MPC,Marathon Petroleum Corporation,Energy,2019,0.6666666666666666,0.09000000000000001,1,0.0,0,0.2725,85.55555555555556,46.666666666666664,-38.88888888888889,61.11111111111111,GREENWASH-RISK (over-claim)
MPC,Marathon Petroleum Corporation,Energy,2020,0.6666666666666666,0.105,0,0.0,0,0.02625,82.6086956521739,6.521739130434782,-76.08695652173913,23.913043478260875,GREENWASH-RISK (over-claim)
MPC,Marathon Petroleum Corporation,Energy,2021,0.0,0.37566666666666665,1,0.5,0,0.46891666666666665,23.863636363636363,70.45454545454545,46.59090909090909,53.40909090909091,STEALTH (under-claim)
MPC,Marathon Petroleum Corporation,Energy,2022,0.3333333333333333,1.0,1,0.5,0,0.625,46.73913043478261,91.30434782608695,44.565217391304344,55.434782608695656,STEALTH (under-claim)
MPC,Marathon Petroleum Corporation,Energy,2023,0.6666666666666666,1.0,1,0.0,0,0.5,78.88888888888889,86.66666666666667,7.777777777777786,92.22222222222221,ALIGNED
MPC,Marathon Petroleum Corporation,Energy,2024,0.6666666666666666,1.0,1,0.0,0,0.5,88.37209302325581,89.53488372093024,1.1627906976744242,98.83720930232558,ALIGNED
OXY,Occidental Petroleum Corporation,Energy,2016,0.0,0.0,1,0.0,0,0.25,22.5,28.749999999999996,6.2499999999999964,93.75,ALIGNED
OXY,Occidental Petroleum Corporation,Energy,2017,0.6666666666666666,0.4066666666666666,1,0.0,0,0.3516666666666667,91.02564102564102,76.92307692307693,-14.102564102564088,85.89743589743591,ALIGNED
OXY,Occidental Petroleum Corporation,Energy,2018,0.6666666666666666,0.23633333333333334,1,0.0,0,0.3090833333333333,87.77777777777777,60.0,-27.77777777777777,72.22222222222223,GREENWASH-RISK (over-claim)
OXY,Occidental Petroleum Corporation,Energy,2019,0.0,0.2776666666666667,1,0.0,0,0.3194166666666667,23.333333333333332,66.66666666666666,43.33333333333333,56.66666666666667,STEALTH (under-claim)
OXY,Occidental Petroleum Corporation,Energy,2020,0.3333333333333333,0.0,1,0.0,0,0.25,56.52173913043478,17.391304347826086,-39.130434782608695,60.869565217391305,GREENWASH-RISK (over-claim)
OXY,Occidental Petroleum Corporation,Energy,2021,0.3333333333333333,0.5566666666666666,1,0.0,0,0.38916666666666666,60.22727272727273,50.0,-10.227272727272727,89.77272727272728,ALIGNED
OXY,Occidental Petroleum Corporation,Energy,2022,0.3333333333333333,0.4013333333333333,1,0.5,0,0.47533333333333333,46.73913043478261,73.91304347826086,27.17391304347825,72.82608695652175,STEALTH (under-claim)
OXY,Occidental Petroleum Corporation,Energy,2023,0.3333333333333333,0.6363333333333333,1,0.0,0,0.40908333333333335,53.333333333333336,60.0,6.666666666666664,93.33333333333334,ALIGNED
OXY,Occidental Petroleum Corporation,Energy,2024,0.3333333333333333,0.0,1,0.0,0,0.25,56.97674418604651,8.13953488372093,-48.837209302325576,51.162790697674424,GREENWASH-RISK (over-claim)
PSX,Phillips 66,Energy,2017,0.3333333333333333,0.043666666666666666,1,0.0,0,0.2609166666666667,62.82051282051282,43.58974358974359,-19.230769230769226,80.76923076923077,GREENWASH-RISK (over-claim)
PSX,Phillips 66,Energy,2018,0.0,0.0,1,0.0,0,0.25,26.666666666666668,22.22222222222222,-4.444444444444446,95.55555555555556,ALIGNED
PSX,Phillips 66,Energy,2019,0.0,0.0,1,0.0,0,0.25,23.333333333333332,26.666666666666668,3.3333333333333357,96.66666666666666,ALIGNED
PSX,Phillips 66,Energy,2020,0.3333333333333333,0.0,1,0.0,0,0.25,56.52173913043478,17.391304347826086,-39.130434782608695,60.869565217391305,GREENWASH-RISK (over-claim)
PSX,Phillips 66,Energy,2021,0.0,0.232,0,0.0,0,0.058,23.863636363636363,4.545454545454546,-19.318181818181817,80.68181818181819,GREENWASH-RISK (over-claim)
PSX,Phillips 66,Energy,2022,0.3333333333333333,0.217,0,0.0,0,0.05425,46.73913043478261,6.521739130434782,-40.21739130434783,59.78260869565217,GREENWASH-RISK (over-claim)
SLB,SLB (Schlumberger),Energy,2016,0.6666666666666666,0.10800000000000001,1,0.0,0,0.277,91.25,55.00000000000001,-36.24999999999999,63.75000000000001,GREENWASH-RISK (over-claim)
SLB,SLB (Schlumberger),Energy,2017,0.6666666666666666,0.10833333333333334,1,0.0,0,0.27708333333333335,91.02564102564102,61.53846153846154,-29.487179487179482,70.51282051282053,GREENWASH-RISK (over-claim)
SLB,SLB (Schlumberger),Energy,2018,0.3333333333333333,0.10733333333333334,1,0.0,0,0.2768333333333333,65.55555555555556,44.44444444444444,-21.111111111111114,78.88888888888889,GREENWASH-RISK (over-claim)
SLB,SLB (Schlumberger),Energy,2019,0.6666666666666666,0.6856666666666666,1,0.0,0,0.42141666666666666,85.55555555555556,75.55555555555556,-10.0,90.0,ALIGNED
SLB,SLB (Schlumberger),Energy,2020,0.0,0.9633333333333333,1,0.0,0,0.49083333333333334,21.73913043478261,89.13043478260869,67.39130434782608,32.60869565217392,STEALTH (under-claim)
SLB,SLB (Schlumberger),Energy,2021,0.0,0.0,1,0.0,0,0.25,23.863636363636363,9.090909090909092,-14.772727272727272,85.22727272727273,ALIGNED
SLB,SLB (Schlumberger),Energy,2022,0.3333333333333333,0.0,1,0.0,0,0.25,46.73913043478261,13.043478260869565,-33.69565217391305,66.30434782608695,GREENWASH-RISK (over-claim)
SLB,SLB (Schlumberger),Energy,2023,0.3333333333333333,0.0,1,0.0,0,0.25,53.333333333333336,8.88888888888889,-44.44444444444444,55.55555555555556,GREENWASH-RISK (over-claim)
SLB,SLB (Schlumberger),Energy,2024,0.3333333333333333,0.422,1,1.0,0,0.6054999999999999,56.97674418604651,97.67441860465115,40.69767441860464,59.30232558139536,STEALTH (under-claim)
VLO,Valero Energy Corporation,Energy,2016,0.6666666666666666,0.057,1,0.0,0,0.26425,91.25,45.0,-46.25,53.75,GREENWASH-RISK (over-claim)
VLO,Valero Energy Corporation,Energy,2017,0.3333333333333333,0.05633333333333333,1,0.0,0,0.26408333333333334,62.82051282051282,48.717948717948715,-14.102564102564102,85.8974358974359,ALIGNED
VLO,Valero Energy Corporation,Energy,2018,0.0,1.0,1,0.0,0,0.5,26.666666666666668,95.55555555555556,68.88888888888889,31.111111111111114,STEALTH (under-claim)
VLO,Valero Energy Corporation,Energy,2019,0.3333333333333333,1.0,1,0.0,0,0.5,58.88888888888889,93.33333333333333,34.444444444444436,65.55555555555557,STEALTH (under-claim)
VLO,Valero Energy Corporation,Energy,2021,0.3333333333333333,1.0,1,0.0,0,0.5,60.22727272727273,80.68181818181817,20.454545454545446,79.54545454545456,STEALTH (under-claim)
VLO,Valero Energy Corporation,Energy,2023,0.0,1.0,1,0.5,1,0.875,20.0,100.0,80.0,20.0,STEALTH (under-claim)
VLO,Valero Energy Corporation,Energy,2024,0.0,0.3473333333333333,1,0.0,0,0.3368333333333333,18.6046511627907,48.837209302325576,30.232558139534877,69.76744186046513,STEALTH (under-claim)
XOM,Exxon Mobil Corporation,Energy,2019,0.6666666666666666,0.18933333333333333,1,0.0,0,0.29733333333333334,85.55555555555556,55.55555555555556,-30.0,70.0,GREENWASH-RISK (over-claim)
XOM,Exxon Mobil Corporation,Energy,2020,0.6666666666666666,0.47333333333333333,1,0.0,0,0.36833333333333335,82.6086956521739,60.86956521739131,-21.739130434782595,78.2608695652174,GREENWASH-RISK (over-claim)
XOM,Exxon Mobil Corporation,Energy,2022,0.3333333333333333,0.727,1,0.0,0,0.43174999999999997,46.73913043478261,58.69565217391305,11.956521739130437,88.04347826086956,ALIGNED
XOM,Exxon Mobil Corporation,Energy,2023,0.0,0.7773333333333333,1,0.0,0,0.44433333333333336,20.0,75.55555555555556,55.55555555555556,44.44444444444444,STEALTH (under-claim)
XOM,Exxon Mobil Corporation,Energy,2024,0.3333333333333333,0.18266666666666667,1,0.0,0,0.2956666666666667,56.97674418604651,34.883720930232556,-22.093023255813954,77.90697674418604,GREENWASH-RISK (over-claim)
AXP,American Express Company,Financials,2016,0.0,0.0,1,0.0,0,0.25,22.5,28.749999999999996,6.2499999999999964,93.75,ALIGNED
AXP,American Express Company,Financials,2017,0.0,0.0,1,0.0,0,0.25,23.076923076923077,30.76923076923077,7.692307692307693,92.3076923076923,ALIGNED
AXP,American Express Company,Financials,2018,0.0,0.0,1,0.0,0,0.25,26.666666666666668,22.22222222222222,-4.444444444444446,95.55555555555556,ALIGNED
AXP,American Express Company,Financials,2019,0.3333333333333333,0.0,1,0.0,0,0.25,58.88888888888889,26.666666666666668,-32.22222222222223,67.77777777777777,GREENWASH-RISK (over-claim)
AXP,American Express Company,Financials,2020,0.3333333333333333,0.030000000000000002,1,0.0,0,0.2575,56.52173913043478,26.08695652173913,-30.434782608695652,69.56521739130434,GREENWASH-RISK (over-claim)
AXP,American Express Company,Financials,2021,0.0,1.0,1,0.5,0,0.625,23.863636363636363,95.45454545454545,71.5909090909091,28.409090909090907,STEALTH (under-claim)
AXP,American Express Company,Financials,2022,1.0,1.0,1,0.5,0,0.625,92.3913043478261,91.30434782608695,-1.0869565217391397,98.91304347826086,ALIGNED
AXP,American Express Company,Financials,2023,1.0,1.0,1,0.5,0,0.625,95.55555555555556,95.55555555555556,0.0,100.0,ALIGNED
AXP,American Express Company,Financials,2024,0.0,0.565,1,0.0,0,0.39125,18.6046511627907,62.7906976744186,44.18604651162791,55.81395348837209,STEALTH (under-claim)
BAC,Bank of America Corporation,Financials,2016,0.3333333333333333,0.2886666666666667,1,1.0,0,0.5721666666666667,62.5,97.5,35.0,65.0,STEALTH (under-claim)
BAC,Bank of America Corporation,Financials,2017,0.0,0.372,1,1.0,0,0.593,23.076923076923077,100.0,76.92307692307692,23.07692307692308,STEALTH (under-claim)
BAC,Bank of America Corporation,Financials,2018,0.6666666666666666,0.322,1,0.0,0,0.3305,87.77777777777777,64.44444444444444,-23.33333333333333,76.66666666666667,GREENWASH-RISK (over-claim)
BAC,Bank of America Corporation,Financials,2019,0.3333333333333333,0.49466666666666664,1,0.0,0,0.37366666666666665,58.88888888888889,68.88888888888889,9.999999999999993,90.0,ALIGNED
BAC,Bank of America Corporation,Financials,2020,0.6666666666666666,0.05266666666666667,1,0.0,0,0.26316666666666666,82.6086956521739,30.434782608695656,-52.17391304347825,47.82608695652175,GREENWASH-RISK (over-claim)
BAC,Bank of America Corporation,Financials,2021,1.0,0.18866666666666668,1,0.0,0,0.2971666666666667,97.72727272727273,29.545454545454547,-68.18181818181819,31.818181818181813,GREENWASH-RISK (over-claim)
BAC,Bank of America Corporation,Financials,2022,1.0,0.183,1,0.0,0,0.29575,92.3913043478261,28.26086956521739,-64.1304347826087,35.8695652173913,GREENWASH-RISK (over-claim)
BAC,Bank of America Corporation,Financials,2023,1.0,0.3486666666666667,1,0.0,0,0.33716666666666667,95.55555555555556,42.22222222222222,-53.333333333333336,46.666666666666664,GREENWASH-RISK (over-claim)
BAC,Bank of America Corporation,Financials,2024,0.6666666666666666,0.30666666666666664,1,0.0,0,0.32666666666666666,88.37209302325581,41.86046511627907,-46.51162790697674,53.48837209302326,GREENWASH-RISK (over-claim)
BLK,BlackRock Inc.,Financials,2018,0.0,0.08633333333333333,1,0.0,0,0.27158333333333334,26.666666666666668,40.0,13.333333333333332,86.66666666666667,ALIGNED
BLK,BlackRock Inc.,Financials,2019,0.3333333333333333,0.21066666666666667,1,0.0,0,0.30266666666666664,58.88888888888889,62.22222222222222,3.3333333333333286,96.66666666666667,ALIGNED
BLK,BlackRock Inc.,Financials,2020,0.6666666666666666,0.0,1,0.0,0,0.25,82.6086956521739,17.391304347826086,-65.21739130434781,34.782608695652186,GREENWASH-RISK (over-claim)
BLK,BlackRock Inc.,Financials,2021,0.0,0.1,1,0.0,0,0.275,23.863636363636363,20.454545454545457,-3.4090909090909065,96.5909090909091,ALIGNED
BLK,BlackRock Inc.,Financials,2022,1.0,0.0,1,0.0,0,0.25,92.3913043478261,13.043478260869565,-79.34782608695653,20.65217391304347,GREENWASH-RISK (over-claim)
BLK,BlackRock Inc.,Financials,2023,0.6666666666666666,0.0,1,0.0,0,0.25,78.88888888888889,8.88888888888889,-70.0,30.0,GREENWASH-RISK (over-claim)
BLK,BlackRock Inc.,Financials,2024,0.3333333333333333,0.18766666666666668,1,0.0,0,0.29691666666666666,56.97674418604651,37.2093023255814,-19.767441860465112,80.23255813953489,GREENWASH-RISK (over-claim)
BRK-B,Berkshire Hathaway Inc.,Financials,2016,0.0,0.9670000000000001,1,0.0,0,0.49175,22.5,95.0,72.5,27.5,STEALTH (under-claim)
BRK-B,Berkshire Hathaway Inc.,Financials,2017,0.0,0.654,1,0.0,0,0.4135,23.076923076923077,87.17948717948718,64.1025641025641,35.8974358974359,STEALTH (under-claim)
BRK-B,Berkshire Hathaway Inc.,Financials,2018,0.0,0.529,1,0.0,0,0.38225,26.666666666666668,77.77777777777779,51.111111111111114,48.888888888888886,STEALTH (under-claim)
BRK-B,Berkshire Hathaway Inc.,Financials,2019,0.0,0.02033333333333333,0,0.0,0,0.005083333333333333,23.333333333333332,2.2222222222222223,-21.11111111111111,78.88888888888889,GREENWASH-RISK (over-claim)
BRK-B,Berkshire Hathaway Inc.,Financials,2020,0.0,0.083,0,0.0,0,0.02075,21.73913043478261,4.3478260869565215,-17.391304347826086,82.6086956521739,GREENWASH-RISK (over-claim)
BRK-B,Berkshire Hathaway Inc.,Financials,2021,0.0,1.0,1,0.0,0,0.5,23.863636363636363,80.68181818181817,56.81818181818181,43.18181818181819,STEALTH (under-claim)
BRK-B,Berkshire Hathaway Inc.,Financials,2022,0.0,1.0,1,0.0,1,0.75,14.130434782608695,97.82608695652173,83.69565217391303,16.304347826086968,STEALTH (under-claim)
BRK-B,Berkshire Hathaway Inc.,Financials,2023,0.0,1.0,1,0.0,0,0.5,20.0,86.66666666666667,66.66666666666667,33.33333333333333,STEALTH (under-claim)
BRK-B,Berkshire Hathaway Inc.,Financials,2024,0.0,1.0,1,0.0,0,0.5,18.6046511627907,89.53488372093024,70.93023255813954,29.069767441860463,STEALTH (under-claim)
C,Citigroup Inc.,Financials,2016,0.6666666666666666,0.0,1,0.0,0,0.25,91.25,28.749999999999996,-62.5,37.5,GREENWASH-RISK (over-claim)
C,Citigroup Inc.,Financials,2017,0.0,0.0,1,0.0,0,0.25,23.076923076923077,30.76923076923077,7.692307692307693,92.3076923076923,ALIGNED
C,Citigroup Inc.,Financials,2018,1.0,0.629,1,0.0,0,0.40725,98.88888888888889,80.0,-18.888888888888886,81.11111111111111,GREENWASH-RISK (over-claim)
C,Citigroup Inc.,Financials,2019,0.6666666666666666,0.629,1,0.0,0,0.40725,85.55555555555556,73.33333333333333,-12.222222222222229,87.77777777777777,ALIGNED
C,Citigroup Inc.,Financials,2020,0.0,0.16,1,1.0,0,0.54,21.73913043478261,95.65217391304348,73.91304347826087,26.086956521739125,STEALTH (under-claim)
C,Citigroup Inc.,Financials,2021,0.6666666666666666,0.21533333333333332,1,0.5,0,0.42883333333333334,84.0909090909091,61.36363636363637,-22.727272727272727,77.27272727272728,GREENWASH-RISK (over-claim)
C,Citigroup Inc.,Financials,2022,0.6666666666666666,0.5073333333333333,1,0.0,0,0.37683333333333335,75.0,45.65217391304348,-29.347826086956523,70.65217391304347,GREENWASH-RISK (over-claim)
C,Citigroup Inc.,Financials,2023,0.3333333333333333,0.6173333333333333,1,0.0,0,0.4043333333333333,53.333333333333336,57.77777777777777,4.444444444444436,95.55555555555557,ALIGNED
C,Citigroup Inc.,Financials,2024,0.0,0.33666666666666667,1,0.0,0,0.33416666666666667,18.6046511627907,44.18604651162791,25.58139534883721,74.4186046511628,STEALTH (under-claim)
GS,The Goldman Sachs Group Inc.,Financials,2016,0.0,0.16766666666666669,1,0.0,0,0.29191666666666666,22.5,65.0,42.5,57.5,STEALTH (under-claim)
GS,The Goldman Sachs Group Inc.,Financials,2017,0.6666666666666666,0.25033333333333335,1,0.0,0,0.3125833333333333,91.02564102564102,66.66666666666666,-24.358974358974365,75.64102564102564,GREENWASH-RISK (over-claim)
GS,The Goldman Sachs Group Inc.,Financials,2018,0.0,0.2836666666666667,1,0.0,0,0.3209166666666667,26.666666666666668,62.22222222222222,35.55555555555556,64.44444444444444,STEALTH (under-claim)
GS,The Goldman Sachs Group Inc.,Financials,2020,1.0,0.21833333333333332,1,0.0,0,0.3045833333333333,97.82608695652173,52.17391304347826,-45.65217391304348,54.34782608695652,GREENWASH-RISK (over-claim)
GS,The Goldman Sachs Group Inc.,Financials,2021,0.3333333333333333,0.49033333333333334,1,0.0,0,0.3725833333333333,60.22727272727273,43.18181818181818,-17.045454545454547,82.95454545454545,GREENWASH-RISK (over-claim)
GS,The Goldman Sachs Group Inc.,Financials,2022,0.0,0.4726666666666667,1,0.0,0,0.36816666666666664,14.130434782608695,43.47826086956522,29.347826086956523,70.65217391304347,STEALTH (under-claim)
GS,The Goldman Sachs Group Inc.,Financials,2023,0.0,0.3876666666666667,1,0.0,0,0.34691666666666665,20.0,44.44444444444444,24.444444444444443,75.55555555555556,STEALTH (under-claim)
GS,The Goldman Sachs Group Inc.,Financials,2024,0.0,0.645,1,0.0,0,0.41125,18.6046511627907,69.76744186046511,51.16279069767441,48.83720930232559,STEALTH (under-claim)
JPM,JPMorgan Chase & Co.,Financials,2016,0.0,0.15933333333333335,1,0.0,0,0.28983333333333333,22.5,62.5,40.0,60.0,STEALTH (under-claim)
JPM,JPMorgan Chase & Co.,Financials,2017,0.0,0.3623333333333333,1,0.0,0,0.34058333333333335,23.076923076923077,74.35897435897436,51.282051282051285,48.717948717948715,STEALTH (under-claim)
JPM,JPMorgan Chase & Co.,Financials,2018,0.0,0.107,1,0.0,0,0.27675,26.666666666666668,42.22222222222222,15.555555555555554,84.44444444444444,STEALTH (under-claim)
JPM,JPMorgan Chase & Co.,Financials,2019,0.3333333333333333,0.0,1,0.0,0,0.25,58.88888888888889,26.666666666666668,-32.22222222222223,67.77777777777777,GREENWASH-RISK (over-claim)
JPM,JPMorgan Chase & Co.,Financials,2020,0.3333333333333333,0.44133333333333336,1,0.0,0,0.36033333333333334,56.52173913043478,58.69565217391305,2.173913043478265,97.82608695652173,ALIGNED
JPM,JPMorgan Chase & Co.,Financials,2021,0.3333333333333333,0.048666666666666664,1,0.0,0,0.26216666666666666,60.22727272727273,13.636363636363635,-46.59090909090909,53.40909090909091,GREENWASH-RISK (over-claim)
JPM,JPMorgan Chase & Co.,Financials,2022,0.3333333333333333,0.16233333333333333,1,0.5,0,0.4155833333333333,46.73913043478261,54.347826086956516,7.608695652173907,92.3913043478261,ALIGNED
JPM,JPMorgan Chase & Co.,Financials,2023,0.0,0.7406666666666666,1,1.0,0,0.6851666666666667,20.0,97.77777777777777,77.77777777777777,22.22222222222223,STEALTH (under-claim)
JPM,JPMorgan Chase & Co.,Financials,2024,0.3333333333333333,0.3396666666666667,1,0.0,0,0.33491666666666664,56.97674418604651,46.51162790697674,-10.465116279069768,89.53488372093022,ALIGNED
MS,Morgan Stanley,Financials,2016,0.6666666666666666,0.39466666666666667,1,0.0,0,0.3486666666666667,91.25,77.5,-13.75,86.25,ALIGNED
MS,Morgan Stanley,Financials,2017,0.6666666666666666,0.06533333333333333,1,0.0,0,0.2663333333333333,91.02564102564102,51.28205128205128,-39.743589743589745,60.256410256410255,GREENWASH-RISK (over-claim)
MS,Morgan Stanley,Financials,2018,0.6666666666666666,0.0,1,0.0,0,0.25,87.77777777777777,22.22222222222222,-65.55555555555554,34.44444444444446,GREENWASH-RISK (over-claim)
MS,Morgan Stanley,Financials,2019,0.6666666666666666,0.26566666666666666,1,0.5,0,0.4414166666666667,85.55555555555556,88.88888888888889,3.3333333333333286,96.66666666666667,ALIGNED
MS,Morgan Stanley,Financials,2020,0.3333333333333333,0.0,1,0.0,0,0.25,56.52173913043478,17.391304347826086,-39.130434782608695,60.869565217391305,GREENWASH-RISK (over-claim)
MS,Morgan Stanley,Financials,2021,0.6666666666666666,0.19166666666666668,1,0.0,0,0.29791666666666666,84.0909090909091,34.090909090909086,-50.00000000000001,49.99999999999999,GREENWASH-RISK (over-claim)
MS,Morgan Stanley,Financials,2022,0.3333333333333333,0.3766666666666667,1,0.0,0,0.3441666666666667,46.73913043478261,34.78260869565217,-11.956521739130437,88.04347826086956,ALIGNED
MS,Morgan Stanley,Financials,2023,0.3333333333333333,0.483,1,0.0,0,0.37075,53.333333333333336,55.55555555555556,2.2222222222222214,97.77777777777777,ALIGNED
MS,Morgan Stanley,Financials,2024,0.6666666666666666,0.8263333333333333,1,0.0,0,0.45658333333333334,88.37209302325581,81.3953488372093,-6.976744186046517,93.02325581395348,ALIGNED
SPGI,S&P Global Inc.,Financials,2018,0.0,0.0,1,0.5,0,0.375,26.666666666666668,73.33333333333333,46.66666666666666,53.33333333333334,STEALTH (under-claim)
SPGI,S&P Global Inc.,Financials,2019,1.0,0.23866666666666667,1,0.5,0,0.43466666666666665,100.0,84.44444444444444,-15.555555555555557,84.44444444444444,GREENWASH-RISK (over-claim)
SPGI,S&P Global Inc.,Financials,2020,1.0,0.22433333333333336,1,0.5,0,0.4310833333333333,97.82608695652173,71.73913043478261,-26.086956521739125,73.91304347826087,GREENWASH-RISK (over-claim)
SPGI,S&P Global Inc.,Financials,2021,0.3333333333333333,0.22433333333333336,1,0.5,0,0.4310833333333333,60.22727272727273,63.63636363636363,3.4090909090909065,96.5909090909091,ALIGNED
SPGI,S&P Global Inc.,Financials,2022,0.6666666666666666,0.25466666666666665,1,0.5,0,0.43866666666666665,75.0,60.86956521739131,-14.130434782608688,85.86956521739131,ALIGNED
SPGI,S&P Global Inc.,Financials,2023,1.0,0.25566666666666665,1,0.5,0,0.4389166666666667,95.55555555555556,68.88888888888889,-26.66666666666667,73.33333333333333,GREENWASH-RISK (over-claim)
SPGI,S&P Global Inc.,Financials,2024,0.0,1.0,1,0.5,0,0.625,18.6046511627907,100.0,81.3953488372093,18.604651162790702,STEALTH (under-claim)
WFC,Wells Fargo & Company,Financials,2016,0.6666666666666666,0.26366666666666666,1,0.5,0,0.4409166666666667,91.25,90.0,-1.25,98.75,ALIGNED
WFC,Wells Fargo & Company,Financials,2017,0.3333333333333333,0.14100000000000001,1,0.0,0,0.28525,62.82051282051282,64.1025641025641,1.2820512820512846,98.71794871794872,ALIGNED
WFC,Wells Fargo & Company,Financials,2018,0.6666666666666666,0.2,1,0.5,0,0.425,87.77777777777777,82.22222222222221,-5.555555555555557,94.44444444444444,ALIGNED
WFC,Wells Fargo & Company,Financials,2019,0.6666666666666666,0.21133333333333332,1,0.5,0,0.42783333333333334,85.55555555555556,77.77777777777779,-7.7777777777777715,92.22222222222223,ALIGNED
WFC,Wells Fargo & Company,Financials,2020,0.6666666666666666,0.4513333333333333,1,0.5,0,0.48783333333333334,82.6086956521739,86.95652173913044,4.34782608695653,95.65217391304347,ALIGNED
WFC,Wells Fargo & Company,Financials,2021,0.6666666666666666,0.541,1,0.5,0,0.51025,84.0909090909091,86.36363636363636,2.2727272727272663,97.72727272727273,ALIGNED
WFC,Wells Fargo & Company,Financials,2022,0.6666666666666666,1.0,1,0.0,0,0.5,75.0,82.6086956521739,7.608695652173907,92.3913043478261,ALIGNED
WFC,Wells Fargo & Company,Financials,2023,0.6666666666666666,0.7406666666666666,1,0.0,0,0.43516666666666665,78.88888888888889,66.66666666666666,-12.222222222222229,87.77777777777777,ALIGNED
WFC,Wells Fargo & Company,Financials,2024,0.6666666666666666,0.109,1,0.0,0,0.27725,88.37209302325581,27.906976744186046,-60.46511627906977,39.53488372093023,GREENWASH-RISK (over-claim)
ABBV,AbbVie Inc.,Healthcare,2016,0.6666666666666666,0.08766666666666666,1,0.0,0,0.27191666666666664,91.25,52.5,-38.75,61.25,GREENWASH-RISK (over-claim)
ABBV,AbbVie Inc.,Healthcare,2017,0.0,0.05566666666666666,0,0.0,0,0.013916666666666666,23.076923076923077,10.256410256410255,-12.820512820512821,87.17948717948718,ALIGNED
ABBV,AbbVie Inc.,Healthcare,2018,0.0,0.27299999999999996,1,1.0,0,0.5682499999999999,26.666666666666668,100.0,73.33333333333333,26.66666666666667,STEALTH (under-claim)
ABBV,AbbVie Inc.,Healthcare,2019,0.0,0.3443333333333333,1,1.0,0,0.5860833333333333,23.333333333333332,97.77777777777777,74.44444444444444,25.555555555555557,STEALTH (under-claim)
ABBV,AbbVie Inc.,Healthcare,2020,0.0,0.40066666666666667,1,1.0,0,0.6001666666666667,21.73913043478261,97.82608695652173,76.08695652173913,23.913043478260875,STEALTH (under-claim)
ABBV,AbbVie Inc.,Healthcare,2021,0.0,0.0,1,1.0,0,0.5,23.863636363636363,80.68181818181817,56.81818181818181,43.18181818181819,STEALTH (under-claim)
ABBV,AbbVie Inc.,Healthcare,2022,0.3333333333333333,0.4826666666666667,1,0.5,0,0.4956666666666667,46.73913043478261,76.08695652173914,29.34782608695653,70.65217391304347,STEALTH (under-claim)
ABBV,AbbVie Inc.,Healthcare,2023,0.3333333333333333,0.5533333333333333,1,0.5,0,0.5133333333333333,53.333333333333336,93.33333333333333,39.99999999999999,60.00000000000001,STEALTH (under-claim)
ABT,Abbott Laboratories,Healthcare,2016,0.3333333333333333,0.13833333333333334,1,0.0,0,0.28458333333333335,62.5,57.49999999999999,-5.000000000000007,95.0,ALIGNED
ABT,Abbott Laboratories,Healthcare,2017,0.0,0.07433333333333333,1,0.0,0,0.26858333333333334,23.076923076923077,56.41025641025641,33.33333333333333,66.66666666666667,STEALTH (under-claim)
ABT,Abbott Laboratories,Healthcare,2018,0.3333333333333333,0.152,1,0.0,0,0.288,65.55555555555556,46.666666666666664,-18.888888888888893,81.11111111111111,GREENWASH-RISK (over-claim)
ABT,Abbott Laboratories,Healthcare,2019,0.0,0.10800000000000001,1,0.0,0,0.277,23.333333333333332,48.888888888888886,25.555555555555554,74.44444444444444,STEALTH (under-claim)
ABT,Abbott Laboratories,Healthcare,2020,0.3333333333333333,0.178,1,0.0,0,0.2945,56.52173913043478,45.65217391304348,-10.869565217391305,89.13043478260869,ALIGNED
ABT,Abbott Laboratories,Healthcare,2021,0.3333333333333333,0.6343333333333334,1,0.5,0,0.5335833333333333,60.22727272727273,88.63636363636364,28.409090909090914,71.5909090909091,STEALTH (under-claim)
ABT,Abbott Laboratories,Healthcare,2022,0.3333333333333333,0.366,1,0.5,0,0.4665,46.73913043478261,69.56521739130434,22.826086956521735,77.17391304347827,STEALTH (under-claim)
ABT,Abbott Laboratories,Healthcare,2023,0.3333333333333333,0.30533333333333335,1,0.5,0,0.45133333333333336,53.333333333333336,77.77777777777779,24.44444444444445,75.55555555555554,STEALTH (under-claim)
ABT,Abbott Laboratories,Healthcare,2024,0.3333333333333333,0.27133333333333337,1,0.5,0,0.44283333333333336,56.97674418604651,76.74418604651163,19.76744186046512,80.23255813953489,STEALTH (under-claim)
AMGN,Amgen Inc.,Healthcare,2016,0.3333333333333333,0.050666666666666665,1,0.0,0,0.26266666666666666,62.5,42.5,-20.0,80.0,GREENWASH-RISK (over-claim)
AMGN,Amgen Inc.,Healthcare,2017,0.3333333333333333,0.0,1,0.0,0,0.25,62.82051282051282,30.76923076923077,-32.051282051282044,67.94871794871796,GREENWASH-RISK (over-claim)
AMGN,Amgen Inc.,Healthcare,2018,0.0,0.084,1,0.0,0,0.271,26.666666666666668,37.77777777777778,11.11111111111111,88.88888888888889,ALIGNED
AMGN,Amgen Inc.,Healthcare,2019,0.0,0.08666666666666667,1,0.0,0,0.27166666666666667,23.333333333333332,44.44444444444444,21.11111111111111,78.88888888888889,STEALTH (under-claim)
AMGN,Amgen Inc.,Healthcare,2020,0.0,0.092,1,0.0,0,0.273,21.73913043478261,34.78260869565217,13.043478260869563,86.95652173913044,ALIGNED
AMGN,Amgen Inc.,Healthcare,2021,0.0,0.0,1,0.0,0,0.25,23.863636363636363,9.090909090909092,-14.772727272727272,85.22727272727273,ALIGNED
AMGN,Amgen Inc.,Healthcare,2022,1.0,0.385,1,0.5,0,0.47125,92.3913043478261,71.73913043478261,-20.652173913043484,79.34782608695652,GREENWASH-RISK (over-claim)
AMGN,Amgen Inc.,Healthcare,2023,0.6666666666666666,0.708,1,0.0,0,0.427,78.88888888888889,64.44444444444444,-14.444444444444443,85.55555555555556,ALIGNED
AMGN,Amgen Inc.,Healthcare,2024,0.6666666666666666,0.6253333333333334,1,0.5,0,0.5313333333333333,88.37209302325581,95.34883720930233,6.976744186046517,93.02325581395348,ALIGNED
DHR,Danaher Corporation,Healthcare,2016,0.0,0.095,0,0.0,0,0.02375,22.5,10.0,-12.5,87.5,ALIGNED
DHR,Danaher Corporation,Healthcare,2017,0.3333333333333333,0.284,1,0.0,0,0.321,62.82051282051282,69.23076923076923,6.410256410256409,93.58974358974359,ALIGNED
DHR,Danaher Corporation,Healthcare,2018,0.0,0.0,1,0.0,0,0.25,26.666666666666668,22.22222222222222,-4.444444444444446,95.55555555555556,ALIGNED
DHR,Danaher Corporation,Healthcare,2019,0.0,0.23033333333333333,1,0.5,0,0.4325833333333333,23.333333333333332,80.0,56.66666666666667,43.33333333333333,STEALTH (under-claim)
DHR,Danaher Corporation,Healthcare,2020,0.0,0.297,1,0.5,0,0.44925,21.73913043478261,78.26086956521739,56.52173913043478,43.47826086956522,STEALTH (under-claim)
DHR,Danaher Corporation,Healthcare,2021,0.3333333333333333,0.0,1,0.5,0,0.375,60.22727272727273,46.590909090909086,-13.63636363636364,86.36363636363636,ALIGNED
DHR,Danaher Corporation,Healthcare,2022,0.3333333333333333,0.0,1,0.0,0,0.25,46.73913043478261,13.043478260869565,-33.69565217391305,66.30434782608695,GREENWASH-RISK (over-claim)
DHR,Danaher Corporation,Healthcare,2023,1.0,0.31933333333333336,1,0.0,0,0.3298333333333333,95.55555555555556,40.0,-55.55555555555556,44.44444444444444,GREENWASH-RISK (over-claim)
DHR,Danaher Corporation,Healthcare,2024,0.3333333333333333,0.3496666666666667,1,0.0,0,0.3374166666666667,56.97674418604651,51.162790697674424,-5.813953488372086,94.18604651162792,ALIGNED
JNJ,Johnson & Johnson,Healthcare,2016,0.0,0.226,1,0.0,0,0.3065,22.5,70.0,47.5,52.5,STEALTH (under-claim)
JNJ,Johnson & Johnson,Healthcare,2017,0.0,0.0,1,0.0,0,0.25,23.076923076923077,30.76923076923077,7.692307692307693,92.3076923076923,ALIGNED
JNJ,Johnson & Johnson,Healthcare,2018,0.0,0.17833333333333332,1,0.0,0,0.2945833333333333,26.666666666666668,48.888888888888886,22.222222222222218,77.77777777777779,STEALTH (under-claim)
JNJ,Johnson & Johnson,Healthcare,2019,0.6666666666666666,0.12433333333333334,1,0.0,0,0.28108333333333335,85.55555555555556,51.11111111111111,-34.44444444444445,65.55555555555554,GREENWASH-RISK (over-claim)
JNJ,Johnson & Johnson,Healthcare,2020,0.0,0.20066666666666666,1,0.0,0,0.3001666666666667,21.73913043478261,50.0,28.26086956521739,71.73913043478261,STEALTH (under-claim)
JNJ,Johnson & Johnson,Healthcare,2021,0.3333333333333333,0.18933333333333333,1,0.0,0,0.29733333333333334,60.22727272727273,31.818181818181817,-28.40909090909091,71.5909090909091,GREENWASH-RISK (over-claim)
JNJ,Johnson & Johnson,Healthcare,2022,0.0,0.027666666666666666,1,0.0,0,0.2569166666666667,14.130434782608695,21.73913043478261,7.608695652173914,92.3913043478261,ALIGNED
JNJ,Johnson & Johnson,Healthcare,2023,0.0,0.23966666666666667,1,0.0,0,0.3099166666666667,20.0,37.77777777777778,17.77777777777778,82.22222222222223,STEALTH (under-claim)
JNJ,Johnson & Johnson,Healthcare,2024,1.0,0.137,1,0.5,0,0.40925,100.0,65.11627906976744,-34.883720930232556,65.11627906976744,GREENWASH-RISK (over-claim)
LLY,Eli Lilly and Company,Healthcare,2016,0.3333333333333333,0.22466666666666668,1,0.0,0,0.3061666666666667,62.5,67.5,5.0,95.0,ALIGNED
LLY,Eli Lilly and Company,Healthcare,2017,0.0,0.32899999999999996,1,0.0,0,0.33225,23.076923076923077,71.7948717948718,48.717948717948715,51.282051282051285,STEALTH (under-claim)
LLY,Eli Lilly and Company,Healthcare,2018,0.3333333333333333,0.0,1,0.0,0,0.25,65.55555555555556,22.22222222222222,-43.333333333333336,56.666666666666664,GREENWASH-RISK (over-claim)
LLY,Eli Lilly and Company,Healthcare,2019,0.3333333333333333,0.0,1,0.0,0,0.25,58.88888888888889,26.666666666666668,-32.22222222222223,67.77777777777777,GREENWASH-RISK (over-claim)
LLY,Eli Lilly and Company,Healthcare,2020,0.3333333333333333,0.0,1,0.0,0,0.25,56.52173913043478,17.391304347826086,-39.130434782608695,60.869565217391305,GREENWASH-RISK (over-claim)
MRK,Merck & Co. Inc.,Healthcare,2016,0.3333333333333333,0.042666666666666665,0,0.0,0,0.010666666666666666,62.5,2.5,-60.0,40.0,GREENWASH-RISK (over-claim)
MRK,Merck & Co. Inc.,Healthcare,2017,0.6666666666666666,0.055,0,0.0,0,0.01375,91.02564102564102,7.6923076923076925,-83.33333333333333,16.66666666666667,GREENWASH-RISK (over-claim)
MRK,Merck & Co. Inc.,Healthcare,2018,1.0,0.041666666666666664,0,0.0,0,0.010416666666666666,98.88888888888889,2.2222222222222223,-96.66666666666666,3.333333333333343,GREENWASH-RISK (over-claim)
MRK,Merck & Co. Inc.,Healthcare,2019,0.6666666666666666,0.0,1,0.0,0,0.25,85.55555555555556,26.666666666666668,-58.888888888888886,41.111111111111114,GREENWASH-RISK (over-claim)
MRK,Merck & Co. Inc.,Healthcare,2020,0.0,0.11666666666666667,1,0.5,0,0.4041666666666667,21.73913043478261,65.21739130434783,43.47826086956522,56.52173913043478,STEALTH (under-claim)
MRK,Merck & Co. Inc.,Healthcare,2021,0.6666666666666666,0.16433333333333333,1,0.5,0,0.41608333333333336,84.0909090909091,59.09090909090909,-25.0,75.0,GREENWASH-RISK (over-claim)
MRK,Merck & Co. Inc.,Healthcare,2022,0.6666666666666666,0.02733333333333333,1,0.0,0,0.25683333333333336,75.0,19.565217391304348,-55.434782608695656,44.565217391304344,GREENWASH-RISK (over-claim)
MRK,Merck & Co. Inc.,Healthcare,2023,0.6666666666666666,0.23733333333333334,1,0.0,0,0.30933333333333335,78.88888888888889,35.55555555555556,-43.33333333333333,56.66666666666667,GREENWASH-RISK (over-claim)
MRK,Merck & Co. Inc.,Healthcare,2024,0.3333333333333333,0.165,1,0.0,0,0.29125,56.97674418604651,32.55813953488372,-24.418604651162788,75.58139534883722,GREENWASH-RISK (over-claim)
PFE,Pfizer Inc.,Healthcare,2016,0.6666666666666666,0.0,1,0.0,0,0.25,91.25,28.749999999999996,-62.5,37.5,GREENWASH-RISK (over-claim)
PFE,Pfizer Inc.,Healthcare,2018,0.0,0.0,1,0.0,0,0.25,26.666666666666668,22.22222222222222,-4.444444444444446,95.55555555555556,ALIGNED
PFE,Pfizer Inc.,Healthcare,2019,0.0,0.0,1,0.0,0,0.25,23.333333333333332,26.666666666666668,3.3333333333333357,96.66666666666666,ALIGNED
PFE,Pfizer Inc.,Healthcare,2020,0.3333333333333333,0.19366666666666665,1,0.0,0,0.29841666666666666,56.52173913043478,47.82608695652174,-8.69565217391304,91.30434782608697,ALIGNED
PFE,Pfizer Inc.,Healthcare,2021,0.0,0.053000000000000005,1,0.0,0,0.26325,23.863636363636363,15.909090909090908,-7.954545454545455,92.04545454545455,ALIGNED
PFE,Pfizer Inc.,Healthcare,2022,1.0,0.40166666666666667,1,0.0,0,0.35041666666666665,92.3913043478261,36.95652173913043,-55.43478260869566,44.56521739130434,GREENWASH-RISK (over-claim)
PFE,Pfizer Inc.,Healthcare,2023,0.3333333333333333,0.39666666666666667,1,0.0,0,0.3491666666666667,53.333333333333336,46.666666666666664,-6.666666666666671,93.33333333333333,ALIGNED
PFE,Pfizer Inc.,Healthcare,2024,0.3333333333333333,0.383,1,0.0,0,0.34575,56.97674418604651,53.48837209302325,-3.4883720930232585,96.51162790697674,ALIGNED
TMO,Thermo Fisher Scientific Inc.,Healthcare,2016,0.0,0.35366666666666663,1,0.0,0,0.33841666666666664,22.5,75.0,52.5,47.5,STEALTH (under-claim)
TMO,Thermo Fisher Scientific Inc.,Healthcare,2018,0.0,0.35233333333333333,1,0.0,0,0.33808333333333335,26.666666666666668,68.88888888888889,42.222222222222214,57.777777777777786,STEALTH (under-claim)
TMO,Thermo Fisher Scientific Inc.,Healthcare,2019,0.0,0.07666666666666666,0,0.0,0,0.019166666666666665,23.333333333333332,8.88888888888889,-14.444444444444443,85.55555555555556,ALIGNED
TMO,Thermo Fisher Scientific Inc.,Healthcare,2020,0.0,0.0,1,0.0,0,0.25,21.73913043478261,17.391304347826086,-4.347826086956523,95.65217391304347,ALIGNED
TMO,Thermo Fisher Scientific Inc.,Healthcare,2021,0.0,0.15566666666666668,1,0.5,0,0.41391666666666665,23.863636363636363,56.81818181818182,32.95454545454545,67.04545454545455,STEALTH (under-claim)
TMO,Thermo Fisher Scientific Inc.,Healthcare,2022,0.0,0.493,1,0.5,0,0.49824999999999997,14.130434782608695,78.26086956521739,64.13043478260869,35.86956521739131,STEALTH (under-claim)
TMO,Thermo Fisher Scientific Inc.,Healthcare,2023,0.0,0.2036666666666667,1,0.0,0,0.30091666666666667,20.0,33.33333333333333,13.333333333333329,86.66666666666667,ALIGNED
TMO,Thermo Fisher Scientific Inc.,Healthcare,2024,0.0,0.068,1,0.0,0,0.267,18.6046511627907,18.6046511627907,0.0,100.0,ALIGNED
UNH,UnitedHealth Group Incorporated,Healthcare,2016,0.0,0.16266666666666665,1,0.5,0,0.4156666666666667,22.5,85.0,62.5,37.5,STEALTH (under-claim)
UNH,UnitedHealth Group Incorporated,Healthcare,2017,0.3333333333333333,0.16333333333333336,1,0.5,0,0.41583333333333333,62.82051282051282,89.74358974358975,26.923076923076934,73.07692307692307,STEALTH (under-claim)
UNH,UnitedHealth Group Incorporated,Healthcare,2018,0.0,0.22833333333333333,1,0.0,0,0.3070833333333333,26.666666666666668,57.77777777777777,31.111111111111104,68.8888888888889,STEALTH (under-claim)
UNH,UnitedHealth Group Incorporated,Healthcare,2019,0.0,0.20966666666666667,1,0.0,0,0.30241666666666667,23.333333333333332,60.0,36.66666666666667,63.33333333333333,STEALTH (under-claim)
UNH,UnitedHealth Group Incorporated,Healthcare,2020,0.0,0.25266666666666665,1,0.5,0,0.43816666666666665,21.73913043478261,76.08695652173914,54.34782608695653,45.65217391304347,STEALTH (under-claim)
UNH,UnitedHealth Group Incorporated,Healthcare,2021,0.3333333333333333,0.0,1,0.5,0,0.375,60.22727272727273,46.590909090909086,-13.63636363636364,86.36363636363636,ALIGNED
UNH,UnitedHealth Group Incorporated,Healthcare,2022,0.0,0.0,1,0.0,0,0.25,14.130434782608695,13.043478260869565,-1.0869565217391308,98.91304347826087,ALIGNED
ACN,Accenture plc,Technology,2016,0.3333333333333333,0.7753333333333334,1,0.0,0,0.44383333333333336,62.5,92.5,30.0,70.0,STEALTH (under-claim)
ACN,Accenture plc,Technology,2018,0.0,0.844,1,0.0,0,0.46099999999999997,26.666666666666668,88.88888888888889,62.222222222222214,37.777777777777786,STEALTH (under-claim)
ACN,Accenture plc,Technology,2019,0.6666666666666666,0.19333333333333333,1,0.0,0,0.29833333333333334,85.55555555555556,57.77777777777777,-27.777777777777786,72.22222222222221,GREENWASH-RISK (over-claim)
ACN,Accenture plc,Technology,2020,1.0,0.16666666666666666,1,0.5,0,0.4166666666666667,97.82608695652173,67.3913043478261,-30.43478260869564,69.56521739130436,GREENWASH-RISK (over-claim)
ACN,Accenture plc,Technology,2021,1.0,0.13333333333333333,1,0.0,0,0.2833333333333333,97.72727272727273,25.0,-72.72727272727273,27.272727272727266,GREENWASH-RISK (over-claim)
ACN,Accenture plc,Technology,2022,0.6666666666666666,0.0,1,0.0,0,0.25,75.0,13.043478260869565,-61.95652173913044,38.04347826086956,GREENWASH-RISK (over-claim)
ACN,Accenture plc,Technology,2023,0.0,0.0,1,0.0,0,0.25,20.0,8.88888888888889,-11.11111111111111,88.88888888888889,ALIGNED
ACN,Accenture plc,Technology,2024,0.3333333333333333,0.137,1,0.0,0,0.28425,56.97674418604651,30.23255813953488,-26.74418604651163,73.25581395348837,GREENWASH-RISK (over-claim)
ADBE,Adobe Inc.,Technology,2016,0.3333333333333333,0.26,1,0.0,0,0.315,62.5,72.5,10.0,90.0,ALIGNED
ADBE,Adobe Inc.,Technology,2017,0.3333333333333333,0.201,1,0.5,0,0.42525,62.82051282051282,92.3076923076923,29.48717948717949,70.51282051282051,STEALTH (under-claim)
ADBE,Adobe Inc.,Technology,2018,0.3333333333333333,0.28500000000000003,1,0.5,0,0.44625000000000004,65.55555555555556,84.44444444444444,18.888888888888886,81.11111111111111,STEALTH (under-claim)
ADBE,Adobe Inc.,Technology,2019,0.3333333333333333,0.25433333333333336,1,0.5,0,0.4385833333333333,58.88888888888889,86.66666666666667,27.77777777777778,72.22222222222223,STEALTH (under-claim)
ADBE,Adobe Inc.,Technology,2020,0.3333333333333333,0.196,1,0.5,0,0.424,56.52173913043478,69.56521739130434,13.043478260869563,86.95652173913044,ALIGNED
ADBE,Adobe Inc.,Technology,2021,0.3333333333333333,0.13766666666666666,1,0.0,0,0.28441666666666665,60.22727272727273,27.27272727272727,-32.95454545454545,67.04545454545455,GREENWASH-RISK (over-claim)
ADBE,Adobe Inc.,Technology,2022,0.3333333333333333,0.111,1,0.5,0,0.40275,46.73913043478261,52.17391304347826,5.434782608695649,94.56521739130434,ALIGNED
ADBE,Adobe Inc.,Technology,2023,0.0,0.16633333333333333,1,0.0,0,0.2915833333333333,20.0,24.444444444444443,4.444444444444443,95.55555555555556,ALIGNED
ADBE,Adobe Inc.,Technology,2024,0.0,0.08866666666666667,1,0.0,0,0.27216666666666667,18.6046511627907,25.581395348837212,6.976744186046513,93.02325581395348,ALIGNED
AMD,Advanced Micro Devices Inc.,Technology,2016,0.3333333333333333,0.10466666666666667,0,0.0,0,0.026166666666666668,62.5,17.5,-45.0,55.0,GREENWASH-RISK (over-claim)
AMD,Advanced Micro Devices Inc.,Technology,2017,0.3333333333333333,0.089,0,0.0,0,0.02225,62.82051282051282,17.94871794871795,-44.87179487179487,55.12820512820513,GREENWASH-RISK (over-claim)
AMD,Advanced Micro Devices Inc.,Technology,2018,0.3333333333333333,0.09166666666666666,0,0.0,0,0.022916666666666665,65.55555555555556,8.88888888888889,-56.66666666666667,43.33333333333333,GREENWASH-RISK (over-claim)
AMD,Advanced Micro Devices Inc.,Technology,2019,0.0,0.103,0,0.0,0,0.02575,23.333333333333332,15.555555555555555,-7.777777777777777,92.22222222222223,ALIGNED
AMD,Advanced Micro Devices Inc.,Technology,2020,0.0,0.389,1,0.0,0,0.34725,21.73913043478261,56.52173913043478,34.78260869565217,65.21739130434783,STEALTH (under-claim)
AMD,Advanced Micro Devices Inc.,Technology,2021,0.6666666666666666,0.10933333333333332,1,0.0,0,0.2773333333333333,84.0909090909091,22.727272727272727,-61.36363636363637,38.63636363636363,GREENWASH-RISK (over-claim)
AMD,Advanced Micro Devices Inc.,Technology,2022,1.0,1.0,1,0.0,0,0.5,92.3913043478261,82.6086956521739,-9.782608695652186,90.21739130434781,ALIGNED
AMD,Advanced Micro Devices Inc.,Technology,2023,0.0,1.0,1,0.0,0,0.5,20.0,86.66666666666667,66.66666666666667,33.33333333333333,STEALTH (under-claim)
AMD,Advanced Micro Devices Inc.,Technology,2024,0.3333333333333333,0.4693333333333333,1,0.0,0,0.36733333333333335,56.97674418604651,55.81395348837209,-1.1627906976744171,98.83720930232559,ALIGNED
AVGO,Broadcom Inc.,Technology,2019,0.0,0.07766666666666668,0,0.0,0,0.01941666666666667,23.333333333333332,11.11111111111111,-12.222222222222221,87.77777777777777,ALIGNED
AVGO,Broadcom Inc.,Technology,2020,0.0,0.08499999999999999,1,0.0,0,0.27125,21.73913043478261,32.608695652173914,10.869565217391305,89.13043478260869,ALIGNED
AVGO,Broadcom Inc.,Technology,2022,0.0,0.4593333333333333,1,0.0,0,0.36483333333333334,14.130434782608695,39.130434782608695,25.0,75.0,STEALTH (under-claim)
AVGO,Broadcom Inc.,Technology,2023,0.0,0.4483333333333333,1,0.0,0,0.3620833333333333,20.0,51.11111111111111,31.111111111111107,68.88888888888889,STEALTH (under-claim)
AVGO,Broadcom Inc.,Technology,2024,0.0,0.479,1,0.0,0,0.36975,18.6046511627907,58.139534883720934,39.53488372093024,60.46511627906976,STEALTH (under-claim)
CRM,Salesforce Inc.,Technology,2016,0.3333333333333333,0.125,0,0.0,0,0.03125,62.5,20.0,-42.5,57.5,GREENWASH-RISK (over-claim)
CRM,Salesforce Inc.,Technology,2017,0.0,1.0,1,0.0,0,0.5,23.076923076923077,94.87179487179486,71.79487179487178,28.20512820512822,STEALTH (under-claim)
CRM,Salesforce Inc.,Technology,2018,0.3333333333333333,1.0,1,0.0,0,0.5,65.55555555555556,95.55555555555556,30.0,70.0,STEALTH (under-claim)
CRM,Salesforce Inc.,Technology,2019,0.0,1.0,1,0.0,0,0.5,23.333333333333332,93.33333333333333,70.0,30.0,STEALTH (under-claim)
CRM,Salesforce Inc.,Technology,2020,0.0,0.0,1,0.0,0,0.25,21.73913043478261,17.391304347826086,-4.347826086956523,95.65217391304347,ALIGNED
CRM,Salesforce Inc.,Technology,2021,0.0,0.0,1,0.0,0,0.25,23.863636363636363,9.090909090909092,-14.772727272727272,85.22727272727273,ALIGNED
CRM,Salesforce Inc.,Technology,2022,0.3333333333333333,0.06166666666666667,1,0.0,0,0.2654166666666667,46.73913043478261,23.91304347826087,-22.82608695652174,77.17391304347827,GREENWASH-RISK (over-claim)
CRM,Salesforce Inc.,Technology,2023,0.6666666666666666,0.044333333333333336,1,0.0,0,0.26108333333333333,78.88888888888889,15.555555555555555,-63.33333333333333,36.66666666666667,GREENWASH-RISK (over-claim)
CRM,Salesforce Inc.,Technology,2024,0.6666666666666666,0.082,1,0.0,0,0.2705,88.37209302325581,20.930232558139537,-67.44186046511628,32.55813953488372,GREENWASH-RISK (over-claim)
INTU,Intuit Inc.,Technology,2016,0.3333333333333333,0.08466666666666667,1,0.0,0,0.27116666666666667,62.5,47.5,-15.0,85.0,ALIGNED
INTU,Intuit Inc.,Technology,2017,0.3333333333333333,0.6356666666666667,1,0.0,0,0.4089166666666667,62.82051282051282,84.61538461538461,21.794871794871796,78.2051282051282,STEALTH (under-claim)
INTU,Intuit Inc.,Technology,2018,0.0,0.32899999999999996,1,0.0,0,0.33225,26.666666666666668,66.66666666666666,39.999999999999986,60.000000000000014,STEALTH (under-claim)
INTU,Intuit Inc.,Technology,2019,0.3333333333333333,0.0,1,0.0,0,0.25,58.88888888888889,26.666666666666668,-32.22222222222223,67.77777777777777,GREENWASH-RISK (over-claim)
INTU,Intuit Inc.,Technology,2020,0.6666666666666666,0.8503333333333334,1,0.0,0,0.46258333333333335,82.6086956521739,82.6086956521739,0.0,100.0,ALIGNED
INTU,Intuit Inc.,Technology,2021,1.0,1.0,1,1.0,0,0.75,97.72727272727273,97.72727272727273,0.0,100.0,ALIGNED
INTU,Intuit Inc.,Technology,2022,0.3333333333333333,0.8130000000000001,1,0.5,0,0.57825,46.73913043478261,86.95652173913044,40.21739130434783,59.78260869565217,STEALTH (under-claim)
INTU,Intuit Inc.,Technology,2023,0.6666666666666666,1.0,1,0.0,0,0.5,78.88888888888889,86.66666666666667,7.777777777777786,92.22222222222221,ALIGNED
INTU,Intuit Inc.,Technology,2024,0.3333333333333333,0.0,1,0.0,0,0.25,56.97674418604651,8.13953488372093,-48.837209302325576,51.162790697674424,GREENWASH-RISK (over-claim)
MSFT,Microsoft Corporation,Technology,2017,0.6666666666666666,0.08233333333333334,1,0.5,0,0.39558333333333334,91.02564102564102,82.05128205128204,-8.974358974358978,91.02564102564102,ALIGNED
MSFT,Microsoft Corporation,Technology,2018,0.6666666666666666,0.415,1,0.5,0,0.47875,87.77777777777777,91.11111111111111,3.333333333333343,96.66666666666666,ALIGNED
MSFT,Microsoft Corporation,Technology,2019,0.6666666666666666,0.05533333333333333,1,0.0,0,0.2638333333333333,85.55555555555556,40.0,-45.55555555555556,54.44444444444444,GREENWASH-RISK (over-claim)
MSFT,Microsoft Corporation,Technology,2020,0.6666666666666666,0.1396666666666667,1,0.0,0,0.28491666666666665,82.6086956521739,41.30434782608695,-41.30434782608695,58.69565217391305,GREENWASH-RISK (over-claim)
MSFT,Microsoft Corporation,Technology,2021,0.6666666666666666,0.30433333333333334,1,0.5,0,0.45108333333333334,84.0909090909091,65.9090909090909,-18.181818181818187,81.81818181818181,GREENWASH-RISK (over-claim)
MSFT,Microsoft Corporation,Technology,2022,0.6666666666666666,0.198,1,0.0,0,0.2995,75.0,30.434782608695656,-44.565217391304344,55.434782608695656,GREENWASH-RISK (over-claim)
MSFT,Microsoft Corporation,Technology,2023,0.6666666666666666,0.19533333333333333,1,0.0,0,0.29883333333333334,78.88888888888889,28.888888888888886,-50.0,50.0,GREENWASH-RISK (over-claim)
MSFT,Microsoft Corporation,Technology,2024,0.0,0.056,1,0.0,0,0.264,18.6046511627907,16.27906976744186,-2.325581395348838,97.67441860465117,ALIGNED
NVDA,NVIDIA Corporation,Technology,2016,0.0,0.07066666666666667,0,0.0,0,0.017666666666666667,22.5,7.5,-15.0,85.0,ALIGNED
NVDA,NVIDIA Corporation,Technology,2017,0.0,0.11466666666666667,0,0.0,0,0.028666666666666667,23.076923076923077,20.51282051282051,-2.5641025641025657,97.43589743589743,ALIGNED
NVDA,NVIDIA Corporation,Technology,2018,0.3333333333333333,0.0,1,0.0,0,0.25,65.55555555555556,22.22222222222222,-43.333333333333336,56.666666666666664,GREENWASH-RISK (over-claim)
NVDA,NVIDIA Corporation,Technology,2019,0.0,0.10133333333333333,0,0.0,0,0.025333333333333333,23.333333333333332,13.333333333333334,-9.999999999999998,90.0,ALIGNED
NVDA,NVIDIA Corporation,Technology,2020,0.0,0.06066666666666667,0,0.0,0,0.015166666666666667,21.73913043478261,2.1739130434782608,-19.565217391304348,80.43478260869566,GREENWASH-RISK (over-claim)
NVDA,NVIDIA Corporation,Technology,2021,0.0,0.20199999999999999,1,0.0,0,0.3005,23.863636363636363,36.36363636363637,12.500000000000004,87.5,ALIGNED
NVDA,NVIDIA Corporation,Technology,2022,0.0,0.0,0,0.0,0,0.0,14.130434782608695,2.1739130434782608,-11.956521739130434,88.04347826086956,ALIGNED
NVDA,NVIDIA Corporation,Technology,2023,0.0,0.16666666666666666,0,0.0,0,0.041666666666666664,20.0,2.2222222222222223,-17.77777777777778,82.22222222222223,GREENWASH-RISK (over-claim)
NVDA,NVIDIA Corporation,Technology,2024,0.0,0.17233333333333334,0,0.0,0,0.043083333333333335,18.6046511627907,2.3255813953488373,-16.27906976744186,83.72093023255815,GREENWASH-RISK (over-claim)
ORCL,Oracle Corporation,Technology,2016,0.0,0.09666666666666666,0,0.0,0,0.024166666666666666,22.5,12.5,-10.0,90.0,ALIGNED
ORCL,Oracle Corporation,Technology,2017,0.0,0.21266666666666667,0,0.0,0,0.05316666666666667,23.076923076923077,23.076923076923077,0.0,100.0,ALIGNED
ORCL,Oracle Corporation,Technology,2018,0.0,0.201,0,0.0,0,0.05025,26.666666666666668,11.11111111111111,-15.555555555555557,84.44444444444444,GREENWASH-RISK (over-claim)
ORCL,Oracle Corporation,Technology,2019,0.0,0.0,1,0.0,0,0.25,23.333333333333332,26.666666666666668,3.3333333333333357,96.66666666666666,ALIGNED
ORCL,Oracle Corporation,Technology,2020,0.0,0.8376666666666667,1,0.0,0,0.4594166666666667,21.73913043478261,80.43478260869566,58.69565217391305,41.30434782608695,STEALTH (under-claim)
ORCL,Oracle Corporation,Technology,2021,0.0,0.40299999999999997,1,0.5,0,0.47575,23.863636363636363,72.72727272727273,48.863636363636374,51.136363636363626,STEALTH (under-claim)
ORCL,Oracle Corporation,Technology,2022,0.3333333333333333,0.08566666666666665,1,0.0,0,0.27141666666666664,46.73913043478261,26.08695652173913,-20.65217391304348,79.34782608695652,GREENWASH-RISK (over-claim)
ORCL,Oracle Corporation,Technology,2023,0.6666666666666666,0.16999999999999998,1,0.0,0,0.2925,78.88888888888889,26.666666666666668,-52.222222222222214,47.777777777777786,GREENWASH-RISK (over-claim)
ORCL,Oracle Corporation,Technology,2024,0.6666666666666666,0.14266666666666666,1,0.5,0,0.4106666666666667,88.37209302325581,67.44186046511628,-20.930232558139537,79.06976744186046,GREENWASH-RISK (over-claim)
